"i","exp","scenario","age","gender","composition","A","B","C","kA","nA","mA","kB","nB","mB","kC","nC","mC","nABC","mABC"
0,0,"archer",56,"male","AAB","it can be shot and knock something down","it can be rolled down and knock something over","it can be shot and hit something up high","[['knock down', 'something']]",1,0,"[['roll', 'something'], ['knock', 'something']]",2,0,"[]",0,0,3,0
1,0,"archer",45,"female","BBB","Fly through the air and hit a target","Keep paper in place","Send an arrow through the air to hit a target","[['move through the air', 'air'], ['hit', 'target']]",2,0,"[['hold', 'paper']]",1,0,"[['send', 'arrow'], ['hit', 'target']]",2,1,5,1
2,0,"archer",52,"female","ABB","Gently hit things","Stay anchored to the ground while having the ability to sway","fire an arrow upwards","[['hit', 'things']]",1,0,"[['anchored', 'ground'], ['sway', 'ground']]",2,0,"[['fire', 'arrow']]",1,1,4,1
3,0,"archer",48,"female","BAA","Fly through the air and pierce its target","be bowled towards the skittles and knock them over","shoot the arrow downwards and it will probably stick in the ground","[['fly', 'air'], ['pierce', 'target']]",2,0,"[['move toward', 'skittles'], ['knock over', 'skittles']]",2,0,"[['shoot', 'arrow'], ['stick', 'ground']]",2,1,6,1
4,0,"archer",53,"female","BBB","This projectile can go up, down, and straight, depending on how its fired and from what angle. It can pierce whatever it is aimed at","The balloon is unlikely to be able to lift because of the weight; it may drag across at ground level.","The bow aimed in this direction will aim the arrow upwards, and on release will ditrect the arrow upwards and then eventually downwards","[['alter', 'angle']]",1,0,"[['lift', 'weight'], ['drag', 'weight']]",2,0,"[['aim', 'arrow'], ['release', 'arrow'], ['direct', 'arrow']]",3,3,6,3
5,0,"archer",25,"female","BAB","This projectile can be fired out of an archer's bow to pierce a target.","This object can roll down a ramp.","The bow aimed in this direction can shoot an arrow into a target higher up.","[['pierce', 'target']]",1,0,"[['roll', 'ramp']]",1,0,"[['shoot', 'arrow'], ['shoot', 'target']]",2,1,4,1
6,0,"archer",32,"male","ABB","It can delivery a hard punch","It can float in the air while maintaining a specific height","It can fire the arrow much further","[['deliver', 'punch']]",1,0,"[['float', 'air'], ['maintaining', 'height']]",2,0,"[['fire', 'arrow']]",1,1,4,1
7,0,"archer",37,"male","BAA","it is so acurate","it is fun game","shot something that is below me","[]",0,0,"[]",0,0,"[['shoot', 'something']]",1,0,1,0
8,0,"archer",59,"male","BBB","It can be projected into the air, and cover a fairly wide distance. It can then penetrate into another material object.","The balloon can float at a height restricted by its tether. It can be a celebration ornament referencing a birthday or anniversary","the bow can project the missile high into the air, covering a long distance.","[['be projected into', 'air'], ['cover', 'distance'], ['penetrate into', 'object']]",3,0,"[['float', 'height'], ['symbolize', 'birthday'], ['symbolize', 'anniversary']]",3,0,"[['project', 'missile'], ['cover', 'distance']]",2,1,8,1
9,0,"archer",32,"female","BAB","it can stab the target","it can cause injury because its a heavy object","it can travel further because of the angle compared to pointing downwards","[['stab', 'target']]",1,0,"[['cause', 'injury']]",1,0,"[]",0,0,2,0
10,0,"archer",55,"female","ABB","punch someone i don't like!","Decorate a space for a birthday party","shoot at a target to pop a balloon","[['punch','someone']]",1,0,"[['decorate', 'space'], ['decorate', 'birthday party']]",2,0,"[['shoot', 'target'], ['pop', 'balloon']]",2,1,5,1
11,0,"archer",32,"female","BBB","Fly through the air, pierce objects, making a whistling noise through the wind.","Make a great party table weight. Could be full of confetti etc and make a gender reveal. Fun for kids to play with.","With a point arrow in it, it could pull up and arch and shoot that balloon from before.","[['fly', 'air'], ['pierce', 'objects'], ['whistle', 'wind']]",3,0,"[['make', 'gender reveal'], ['play with', 'kids']]",2,0,"[['pull up', 'arrow'], ['arch', 'arrow'], ['shoot', 'balloon']]",3,3,8,3
12,0,"archer",52,"female","ABB","knock things out without inflicting as much of a wound as a pointy arrow would","balloon with weight as its got double use. Use as a balloon and use as a weight","This bow can go further due to projetiles","[['knock out', 'things'], ['inflict', 'wound']]",2,0,"[]",0,0,"[['go further', 'projectiles']]",1,1,3,1
13,0,"archer",39,"male","AAB","This projectile can knock down more area around it's focal point due to the roundness of the glove.","The heavy bowling ball can roll and gain momentum","It goes up but comes back down","[['knock down', 'area']]",1,0,"[['gain', 'momentum']]",1,0,"[]",0,0,2,0
14,0,"archer",61,"female","AAB","Punch someone","roll and perhaps nock over object","shooting upward then will come down","[['punch', 'someone']]",1,0,"[]",0,0,"[]",0,0,1,0
15,0,"archer",35,"female","BAB","It could be used to harm someone or cut something using the blade","It can knock or move something forcefully","It can reach someone/harm someone from a further distance.","[['harm', 'someone'], ['use', 'blade']]",2,0,"[['knock', 'something'], ['move', 'something']]",2,0,"[['reach', 'someone'], ['harm', 'someone']]",2,0,6,0
16,0,"archer",51,"female","AAA","It can punch","Roll down the slide","Shoot at targets","[]",0,0,"[['roll', 'slide']]",1,0,"[['shoot', 'targets']]",1,0,2,0
17,0,"archer",45,"male","ABB","a boxing glove","a box","arrow","[]",0,0,"[]",0,0,"[]",0,0,0,0
18,0,"archer",33,"male","AAA","This projectile is great at knocking things down without damaging them too much.","The bowling ball can knock pins down.","The bow can shoot animals attacking at close-range.","[['knock down', 'things'], ['damage', 'things']]",2,0,"[['knock down', 'pins']]",1,0,"[['shoot', 'animals']]",1,0,4,0
19,0,"archer",33,"male","BAB","It pierces its target","The bowling ball can roll to a target","The bow aimed up can travel further towards a target","[['pierces', 'target']]",1,0,"[['Roll', 'Target']]",1,0,"[['travel', 'target'], ['move', 'target']]",2,0,4,0
20,0,"archer",23,"male","BBA","Can kill a game","Can provide a safe landing for the weight","Can be used to kill a game.","[['kill', 'game']]",1,0,"[]",0,0,"[['kill', {'name': 'game'}]]",1,0,2,0
21,0,"archer",66,"male","BBA","It can piece onjects","I can be kept at ground level","to aim at a weighted balloon","[['piece', 'onjects']]",1,0,"[['be kept', 'ground level']]",1,0,"[['aim', 'balloon']]",1,1,3,1
22,0,"archer",35,"male","BAB","This would work as an effective arrow as it can hit and pierce the target it is aimed at.","A bowling ball can be used for a fun recreational activity at a bowling alley, it could also serve the same weight as the weight from the other image if something was tied through its holes","By aiming upwards you will leverage gravity to make the arrow travel a greater distance, the effects of weather/wind are also less likely to affect it as you can get a bigger draw on the bow increasing its force as it leaves the bow","[['hit', 'target'], ['pierce', 'target']]",2,0,"[['use', 'recreational activity'], ['act as', 'weight'], ['tie through', 'holes']]",3,0,"[['leverage', 'gravity'], ['travel', 'arrow']]",2,1,7,1
23,0,"archer",42,"female","BAB","What is the purpose first? Am I aiming direct which is a pointy is ideal because of less weight or more downward and in general? I choose this with upward projection which will maintain,","Again purpose? I choose this as I maybe I can bowl later with it.","IT would be upward and go further, the downward one will soon land into/onto the ground, not much purpose.","[['aiming', 'upward projection'], ['choose', 'upward projection'], ['maintain', 'upward projection']]",3,0,"[]",0,0,"[['land', 'ground']]",1,0,4,0
24,0,"archer",45,"male","AAA","it can hit and punch things with piercing them","it can roll","it can shoot an arrow downward","[['hit', 'things'], ['punch', 'things'], ['pierce', 'things']]",3,0,"[]",0,0,"[['shoot', 'arrow']]",1,1,4,1
25,0,"archer",51,"female","BAB","it can travel quickly and cause damage","knock down pins if used correctly, if not it can cause some damage","it can cause damage or hit a target","[['cause', 'damage']]",1,0,"[['knock down', 'pins'], ['cause', 'damage']]",2,0,"[['damage', 'target'], ['hit', 'target']]",2,0,5,0
26,0,"archer",48,"male","AAA","When launched, the arrow can push an object (hard) without piercing or puncturing it. This makes it ideal for remotely pushing, say, a ball down a ramp.","The ball can amplify the force of the arrow, as it's larger and has more mass, so can move or alter even larger objects with more force - landing on a pressure plate, breaking something, catapult something into the air if set up correctly.","The archer shoots downwards so the arrow will land closer to the ground with less effort. This means there will be a shorter distance between the archer and their intended target, as gravity will exert force on the arrow.","[['push', 'object'], ['push', 'ball']]",2,1,"[['amplify', 'arrow'], ['move', 'larger objects'], ['alter', 'larger objects'], ['land on', 'pressure plate'], ['break', 'something'], ['catapult', 'something']]",6,1,"[['shoot', 'arrow'], ['land', 'arrow']]",2,2,10,4
27,0,"archer",28,"male","AAA","this can hit someone but will not seriously injure them","it can roll away and make a fun game","downwards is less likely to hurt anyone or cause any risk","[['hit', 'someone'], ['injure', 'someone']]",2,0,"[['roll', 'game'], ['make', 'game']]",2,0,"[['hurt', {'name': 'anyone'}], ['cause', {'name': 'risk'}]]",2,0,6,0
28,0,"archer",26,"female","ABA","Punch out and balance","balanced balloon that air sucks out when more pressure is applied.","shoots in clearer direction","[['punch', 'balance']]",1,0,"[['sucks', 'air']]",1,0,"[]",0,0,2,0
29,0,"archer",39,"female","ABA","I think this projectile will easily bounce off the surfaces if it hits it rather than getting stuck","I think this will be able to float through the course without any problens","I think this would pop the balloon as it floated past","[['bounce off', 'surfaces'], ['hit', 'surfaces']]",2,0,"[['float through', 'course']]",1,0,"[['pop', 'balloon']]",1,1,4,1
30,0,"archer",35,"male","BAA","Fly through the air","Role something over","Penitrae its target with force","[['fly', 'air']]",1,0,"[]",0,0,"[['penetrate', 'target']]",1,0,2,0
31,0,"archer",64,"female","AAB","it can knock things over","it can knock things down","it can hit the shapes and knock them out","[['knock over', 'things']]",1,0,"[]",0,0,"[['hit', 'shapes'], ['knock out', 'shapes']]",2,0,3,0
32,0,"archer",53,"female","BAB","It can't move any large object","Leave the ground","It can go upwards and hit a target","[[""""can't move"""", 'large object']]",1,0,"[['leave', 'ground']]",1,0,"[['hit', 'target']]",1,0,3,0
33,0,"archer",50,"male","ABB","It can be fired at an opponent to knock them out","It can hover in place as the weight matches the rising force of the balloon","It can knock a bird out of the sky","[['knock out', 'opponent']]",1,0,"[['hover', 'force'], ['match', 'force']]",2,0,"[['knock', {'name': 'bird'}]]",1,0,4,0
34,0,"archer",35,"female","BAB","pop balloons floating in the sky","knock over people","hit balloons floating","[['pop', 'balloons']]",1,1,"[['knock over', 'people']]",1,0,"[['hit', 'balloons']]",1,1,3,2
35,0,"archer",41,"male","AAB","This projectile is used to play a fun backyard game amongst friends. Similar to tag but with an arrow with a boxing glove on it.","This object can be shot with the arrow with the boxing glove and when it is hit it rolls down the ramp and initiates a chain of events linked with other objects, similar to the domino effect.","It will launch the arrow with the boxing glove and hit the bowling ball high on a shelf which will cause the bowling ball to roll down the ramp and strike other objects.","[['play', 'backyard game']]",1,0,"[['be shot', 'arrow'], ['hit', 'arrow'], ['roll', 'ramp'], ['initiate', 'domino effect'], ['trigger', 'domino effect']]",5,2,"[['launch', 'arrow'], ['hit', 'bowling ball'], ['roll down', 'ramp'], ['strike', 'objects']]",4,3,10,5
36,0,"archer",55,"male","AAB","deliver another punch","use the weight of the ball movement to move or launch another object","hit a target","[['deliver', 'punch']]",1,0,"[]",0,0,"[['hit', 'target']]",1,0,2,0
37,0,"archer",46,"female","BBB","It can fly for a short distance and pierce whatever it comes into contact with.","The balloon can float whilst being held in place with the weight. The balloon can move with any airflow present.","The bow can be tensed to control the distance an arrow fired from it will travel. It can fire an arrow upwards into the air in a diagonal trajectory.","[['fly', 'distance'], ['pierce', 'contact']]",2,0,"[['float', 'weight'], ['move', 'airflow']]",2,0,"[['control', 'distance'], ['fire', 'arrow'], ['travel', 'arrow']]",3,2,7,2
38,0,"archer",61,"male","BAB","can be used to hunt animals","to knock down bowling pins","fire an arrow a long distance","[['hunt', 'animals']]",1,0,"[]",0,0,"[['fire', 'arrow']]",1,1,2,1
39,0,"archer",62,"female","AAA","send a punch without touching the person yourself","knock down pins","hit the target","[['send', 'punch'], ['punch', 'person']]",2,0,"[['knock down', 'pins']]",1,0,"[['hit', 'target']]",1,0,4,0
40,0,"dragon",23,"male","BAA","Fly. Breathe Fire. Sleep on big piles of gold.","Activate some mechanism","Drain the ocean.","[['breathe', 'fire'], ['sleep on', 'gold']]",2,0,"[['activate', 'mechanism']]",1,0,"[['drain', {'name': 'ocean'}]]",1,0,4,0
41,0,"dragon",61,"female","AAA","Hes very strong and can throw things very far and fast","It can pull something else up by dropping the weight down","It can have an impact on something, unknown, if pressed","[['throw', 'things']]",1,0,"[['pull', 'something else']]",1,0,"[['affect', 'something']]",1,0,3,0
42,0,"dragon",36,"female","BAB","This creature can fly and breathe fire","This object can weigh things down, like an anchor on a ship. It can provide resistance for weight training exercise. It can act as a pendulum if a force is applied.","This button could do an infinite number of actions. I think of it as a panic button, mounted on the wall where it can be accessed easily. This would activate a siren, lock all doors and windows, and create a barrier within the room it's in.","[['breathe', 'fire']]",1,0,"[['weigh down', 'anchor'], ['provide resistance', 'weight training exercise'], ['act as', 'pendulum']]",3,0,"[['activate', {'name': 'siren'}], ['lock', {'name': 'doors'}], ['lock', {'name': 'windows'}], ['create', {'name': 'barrier'}]]",4,0,8,0
43,0,"dragon",54,"male","AAA","I like ninjas","hang straight down","click when pressed","[]",0,0,"[]",0,0,"[]",0,0,0,0
44,0,"dragon",62,"male","AAB","A ninja is trained to kill people","This is intended to weigh something down","Do an action when pressed","[['kill', 'people']]",1,0,"[['weigh down', 'something']]",1,0,"[['do', 'action']]",1,0,3,0
45,0,"dragon",25,"male","BBA","It can fly and control wind currents","It can destroy other battle ships","It can activate a contraption","[['control', 'wind currents']]",1,0,"[['destroy', 'other battle ships']]",1,0,"[['activate', 'a contraption']]",1,0,3,0
46,0,"dragon",34,"female","BBA","Draco the wind-dragon controls air,flies with extreme agility,can blend into clouds,creates sonic booms and protects others with powerful wind shields.","A battleship in a water tank can float,move and be tested against waves so engineers can study and improve its design","It can be pressed to activate or control whatever system it's attached to.","[['control', 'air'], ['fly', 'agility'], ['blend into', 'clouds'], ['create', 'sonic booms'], ['protect', 'wind shields']]",5,0,"[['float', 'water'], ['move', 'water'], ['test against', 'waves'], ['study', 'design'], ['improve', 'design']]",5,0,"[['activate', 'system'], ['control', 'system']]",2,0,12,0
47,0,"dragon",36,"female","BAA","It can fly and breath fire","It can swing into objects and injure them","It can turn the lights on or off","[]",0,0,"[['swing into', 'objects'], ['injure', 'objects']]",2,0,"[['turn on', 'lights'], ['turn off', 'lights']]",2,0,4,0
48,0,"dragon",25,"male","BBA","It can throw fire from its mouth","Move across oceans","Can be used as a switch button","[['throw', 'fire']]",1,0,"[['Move', 'oceans']]",1,0,"[['be used as', {'name': 'switch'}]]",1,0,3,0
49,0,"dragon",34,"female","BAA","He can fly. He can breathe flames out of his mouth. Hes super fast, and knows how to battle.","Pulls enemies down into the deep sea","This button helps to take down enemies","[['breathe', 'flames']]",1,0,"[['pull down', 'enemies']]",1,0,"[['take down', 'enemies']]",1,0,3,0
50,0,"dragon",40,"female","AAA","It can turn into a lifesize ninja","It can hide things at the bottom of the ocean","It is easier for me to stand on when needed","[]",0,0,"[]",0,0,"[]",0,0,0,0
51,0,"dragon",28,"female","ABA","I like the colours of the costume. This creature can fight because it's a ninja, he's throwing something.","This one presents people from drowning","I like the green colour which is popping","[['throw', 'something']]",1,0,"[]",0,0,"[]",0,0,1,0
52,0,"dragon",30,"female","BBA","Draco controls the wind and can be used to summon hurricanes. He is very small so is not very good at breathing fire, but he is otherwise extremely powerful.","The battleship can shoot real mini cannonballs at the press of a button and is an ideal booby trap to help prevent burglaries.","This is the button which launches all the nuclear missiles on Earth simultaneously. If anyone presses this button, it's game over for the world.","[['controls', 'wind'], ['summon', 'hurricanes'], ['breathing', 'fire']]",3,0,"[['shoot', 'cannonballs'], ['prevent', 'burglaries']]",2,0,"[['launch', 'nuclear missiles']]",1,0,6,0
53,0,"dragon",43,"male","ABA","Take out enemies from a distance","take out other ships and travel the seas","turns things on or off i guess","[['Take out', 'enemies']]",1,0,"[['take out', 'other ships'], ['travel', 'the seas']]",2,0,"[['turn on', 'things'], ['turn off', 'things']]",2,0,5,0
54,0,"dragon",44,"female","BBA","he can fly and he can create wind","it will go into battle against our enemies","it will open a trap door","[['create', 'wind']]",1,0,"[['go into battle against', 'enemies']]",1,0,"[['open', 'trap door']]",1,0,3,0
55,0,"dragon",28,"male","BBB","breathe fire","travel across the world","turn on lights","[['breathe', 'fire']]",1,0,"[['travel across', 'world']]",1,0,"[['turn on', 'lights']]",1,0,3,0
56,0,"dragon",52,"female","BAA","This creature can flick its tongue out a great distance to scoop up snacks","This object can swing back and forwards and then emit beautiful flowers","This button can be pressed to summon a cheeky chimpanzee.","[['flick', 'tongue'], ['scoop up', 'snacks']]",2,0,"[['emit', 'flowers']]",1,0,"[['summon', 'chimpanzee']]",1,1,4,1
57,0,"dragon",51,"male","BAA","Draco can shrink down to the size of a nail, to secretly enter buildings and treasure safes with ease.","The weight on a rope holds it's bouy in place, preventing tragedy for sea-goers.","The button can be smashed down in a case of duress, to activate an alarm and bring the guards","[['shrink', 'nail'], ['enter', 'buildings'], ['enter', 'treasure safes']]",3,0,"[['hold', 'buoy']]",1,0,"[['activate', 'alarm'], ['bring', 'guards']]",2,0,6,0
58,0,"dragon",25,"male","AAB","He can be very cunning and sneaky, engage in hand to hand combat, and throw shurikens.","Can't really do much except for hand there. Maybe can be used to weigh something down.","Can be pressed to engage something that it is attached to.","[['fight', 'hand to hand combat'], ['throw', 'shurikens']]",2,0,"[['weigh down', 'something']]",1,0,"[['press', 'something that it is attached to']]",1,0,4,0
59,0,"dragon",31,"female","BBA","It can manipulate wind to fulfill a mission.","Can be used for battles and wars within the sea or water bodies.","Can be used to activate a certain command.","[['manipulate', 'wind']]",1,0,"[['used for', 'battles'], ['used for', 'wars']]",2,0,"[['activate', 'command']]",1,0,4,0
60,0,"dragon",32,"male","AAB","It's a crime fighting ninja","Alerts for enemies by hitting a bell","You hit it to win money","[['fight', 'crime']]",1,0,"[['hit', 'bell'], ['alert', 'enemies']]",2,0,"[['win', 'money']]",1,0,4,0
61,0,"dragon",34,"female","BBA","breathe fire","withstand bombs","leap","[['breathe', 'fire']]",1,0,"[['withstand', 'bombs']]",1,0,"[]",0,0,2,0
62,0,"dragon",58,"male","BBA","HE CAN FLY AND BREEVE FIRE","IT WILL FLOAT AIMLESSLY IN THE TANK","IT CAN BE PRESSED TO ACHIEVE AN UNKNOW GOAL","[['BREEVE', 'FIRE']]",1,0,"[['float', 'tank']]",1,0,"[['press', 'goal']]",1,0,3,0
63,0,"dragon",46,"prefer not to say","ABA","This can be very quiet and quick and cool at combat.","If it is in a water tank, it can be used as an item in an aquarium.","Turn something on or off or do nothing.","[]",0,0,"[['enter', 'water tank'], ['be used as', 'aquarium']]",2,0,"[['turn on', 'something'], ['turn off', 'something'], ['do nothing', 'something']]",3,0,5,0
64,0,"dragon",42,"male","BAA","It looks quite small but imagine it can breathe fire judging from the smoking nostrils, no visible wings so I guess flight is out","Swing, weigh things down","Be set on a table/surface and pressed","[['breathe', 'fire']]",1,0,"[['swing', 'things'], ['weigh', 'things']]",2,0,"[['set on', 'table'], ['set on', 'surface']]",2,0,5,0
65,0,"dragon",30,"male","AAB","It can fight a large number of people.","Pull the rope and stretch it over time.","It can start or stop different actions.","[['fight', 'people']]",1,0,"[['pull', 'rope'], ['stretch', 'rope']]",2,0,"[['start', 'actions'], ['stop', 'actions']]",2,0,5,0
66,0,"dragon",41,"female","BAA","it can fly, and breathe fire","it can sink to the bottom of a body of water, and hold something in place","i dont know as i dont know what it is attached to! It can turn on or off whatever its connencted to","[['breathe', 'fire']]",1,0,"[['sink', 'bottom'], ['hold', 'something']]",2,0,"[]",0,0,3,0
67,0,"dragon",28,"male","BBB","With this Creatures firing breathing ability, it will be easy to dominate any space.","Battle ship tank comes with more war preparedness. Victory is assured.","Probably help with mapping.","[['dominate', 'space'], ['firing', 'breathing ability']]",2,0,"[]",0,0,"[]",0,0,2,0
68,0,"dragon",69,"male","BAB","Perch and watch me malevolently","Obey the laws of gravity","Nothing of any great import","[['perch', 'me'], ['watch', 'me']]",2,0,"[['obey', 'gravity'], ['obey', 'laws']]",2,0,"[]",0,0,4,0
69,0,"dragon",42,"female","BBA","it can breathe fire","destroy other ships","set off a bomb","[['breathe', 'fire']]",1,0,"[['destroy', 'other ships']]",1,0,"[['set off', {'name': 'bomb'}]]",1,0,3,0
70,0,"dragon",58,"female","BAA","This creature can control how windy it is to express his anger or sense of fun.","This object can be used as an anchor.","This button can use its magnetic force to bring birds down from the sky!","[['express', 'anger'], ['express', 'fun']]",2,0,"[]",0,0,"[['pull down', 'birds']]",1,0,3,0
71,0,"dragon",43,"male","BAB","Breathe fire","Hold things in an area","Depress","[['breathe', 'fire']]",1,0,"[['hold', 'things']]",1,0,"[]",0,0,2,0
72,0,"dragon",37,"male","ABB","This character can throw ninja stars, and id proficient in some sort of martial art and deadly combat. They are experts at stealth as well.","This object can sail the water in the water tank","this button can execute a programmed task connected to something on the right hand side","[['throw', {'name': 'ninja stars'}], ['train in', {'name': 'martial art'}], ['enhance', {'name': 'stealth'}]]",3,0,"[['sail', 'water']]",1,0,"[['execute', 'programmed task']]",1,0,5,0
73,0,"dragon",44,"female","BBB","He can breathe fire","it can float and move through water","it can be used to press and open something","[['breathe', 'fire']]",1,0,"[['float', 'water'], ['move', 'water']]",2,0,"[['press', 'something'], ['open', 'something'], ['press and open', 'something']]",3,0,6,0
74,0,"dragon",28,"female","AAB","They ca fight off evils characters and defend both themselves and others","Because it feels quite symbolic of life and its troubles","Because it is more compact and pleasing to the eye","[['fight off', 'evil characters'], ['defend', 'others']]",2,0,"[['symbolize', 'life'], ['represent', 'life'], ['symbolize', 'troubles'], ['represent', 'troubles'], ['reflect', 'life'], ['reflect', 'troubles']]",6,0,"[]",0,0,8,0
75,0,"dragon",40,"male","ABB","This creature has mastered the art of ninjitsu, they are capable of performing acrobatic feats that regular humans would be incapable of performing, they are adapt in a wide variety of martial arts and they are experts at stealth. Oh, and they can also use their shuriken, because of course they can. :)","It can rock back and forth. It can sail forwards depending on if there is a supply of air to carry its sails.","Press the button, receive anything you've ever wished for without any catastrophic consequences or negative outcomes.","[['mastered', 'ninjitsu'], ['perform', 'acrobatic feats'], ['adapt', 'martial arts'], ['use', 'shuriken']]",4,0,"[['rock', 'sails'], ['carry', 'sails']]",2,0,"[['receive', """"anything you've ever wished for""""]]",1,0,7,0
76,0,"dragon",55,"female","BBB","Breathe fire and fly","sail around the water tank, its sails can go up and down","it can stick to objects, e.g. walls","[['breathe', 'fire']]",1,0,"[['sail around', 'water tank'], ['raise sails', 'sails'], ['lower sails', 'sails']]",3,0,"[['stick to', 'objects'], ['stick to', 'walls']]",2,0,6,0
77,0,"dragon",46,"female","BBA","It can move fast and breathe fire. It is good at climbing","It can navigate through the water and it can be ready for battle.","It can be pressed easily","[['move', 'fast'], ['breathe', 'fire']]",2,0,"[['navigate', 'water'], ['prepare', 'battle']]",2,0,"[]",0,0,4,0
78,0,"dragon",53,"female","AAA","Super powers to fight evil","Hold down a door","turn on a floor lamp","[['fight', {'name': 'evil'}]]",1,0,"[['hold down', 'door']]",1,0,"[['turn on', {'name': 'floor lamp'}]]",1,0,3,0
79,0,"dragon",56,"female","BBB","The crature can fly.","It can float.","I don't know.","[]",0,0,"[]",0,0,"[]",0,0,0,0
80,1,"archer",41,"female","BBB","Burst the balloon","Land on the red button","burst the balooon to drop the weight on the button","[['burst', 'balloon']]",1,1,"[['land on', 'button']]",1,1,"[['burst', 'balloon'], ['drop', 'weight']]",2,2,4,4
81,1,"archer",32,"male","ABB","boxing arrow","ballon with weight","upward","[]",0,0,"[['descend', 'ground'], ['displace', 'air'], ['drag', 'string'], ['collide with', 'surface of water']]",4,0,"[]",0,0,4,0
82,1,"archer",59,"female","BBB","Fire the arrow at the balloon","The weight can drop on the light switch","Burst the blloon so the weight drops","[['fire', 'balloon']]",1,1,"[['drop onto', 'light switch']]",1,1,"[['burst', 'balloon'], ['drop', 'weight']]",2,2,4,4
83,1,"archer",32,"male","BBB","The pointy arrow will hit the balloon","The balloon will pop releasing the weight","The bow aimed in this direction pop the balloon","[['hit', 'balloon']]",1,1,"[['release', 'weight']]",1,0,"[['pop', 'balloon']]",1,1,3,2
84,1,"archer",39,"male","BBB","pierce objects such as balloons","drop the weight, once the balloon is popped","shoot up at the balloon","[['pierce', 'balloon']]",1,1,"[['drop', 'the weight']]",1,0,"[['shoot', 'balloon']]",1,1,3,2
85,1,"archer",81,"male","BAB","Burst the balloon which then falls onto the button to light up the bulb","rolls down the chute to strike the button which lights up the bulb","direct the arrow at the balloon which bursts and falls onto the button to light up the bulb","[['burst', 'balloon'], ['fall onto', 'button'], ['light up', 'bulb']]",3,3,"[['rolls', 'chute'], ['strike', 'button'], ['lights', 'bulb']]",3,2,"[['direct', 'arrow'], ['bursts', 'balloon'], ['falls onto', 'button'], ['light up', 'bulb']]",4,4,10,9
86,1,"archer",32,"male","BBB","It can be shot to hit the balloon in mid air.","it can float away as a target for the persn to shoot at and if balloon pops, the weight will hit the red button causing the light bulb to turn on.","it is used to aim at the ballon.","[['hit', 'balloon']]",1,1,"[['float away', 'target'], ['hit', 'red button'], ['turn on', 'light bulb']]",3,2,"[['aim at', 'balloon']]",1,1,5,4
87,1,"archer",41,"female","BBB","burst balloon","it will press button","hit the balloon","[['burst', 'balloon']]",1,1,"[['press', 'button']]",1,1,"[['hit', 'balloon']]",1,1,3,3
88,1,"archer",19,"male","BBB","Pop the balloon","Press the button","Hit the balloon","[['pop', 'balloon']]",1,1,"[['press', 'button']]",1,1,"[['hit', 'balloon']]",1,1,3,3
89,1,"archer",36,"male","BBB","This will pop the balloon","When popped, the weight will drop on the red button.","Will pop the balloon when directed up.","[['pop', 'balloon']]",1,1,"[['drop', 'red button']]",1,1,"[['pop', 'balloon']]",1,1,3,3
90,1,"archer",34,"male","AAA","Give a wide contact area to transfer momentum to the bowling ball","Roll down the ramp and land on the button, causing the light bulb to work","Under gravity, hit the bowling ball","[['give', 'wide contact area'], ['transfer momentum to', 'bowling ball']]",2,1,"[['roll down', 'ramp'], ['land on', 'button']]",2,1,"[['hit', 'bowling ball']]",1,1,5,3
91,1,"archer",59,"male","BBA","Burst the balloon","Once burst, drop the weight.","The weight drops downwards on to the button","[['burst', 'balloon']]",1,1,"[['drop', 'weight']]",1,0,"[['drops', 'weight'], ['drops', 'button']]",2,2,4,3
92,1,"archer",39,"male","AAA","Push the bowling ball down the ramp upon impact.","Roll down the ramp and press the red button.","Make contact with the bowling ball.","[['Push', 'bowling ball']]",1,1,"[['roll', 'ramp'], ['press', 'button']]",2,1,"[['Make contact with', {'name': 'bowling ball'}]]",1,1,4,3
93,1,"archer",23,"male","BBB","This projectile has a sharp tip that will burst the balloon","The balloon with weight will burst causing the weight to drop in downward direction and press the button/switch to light up the bulb","The upward direction is aimed at the inflated balloon with weight.","[['burst', 'balloon']]",1,1,"[['burst', 'weight'], ['press', 'button'], ['press', 'switch'], ['light up', 'bulb']]",4,3,"[['aim at', 'balloon']]",1,1,6,5
94,1,"archer",53,"female","BBB","BURST THE BALLOON","FLOAT DOWN AND LAND ON THE RED BUTTON","BURST THE BALLOON","[['burst', 'balloon']]",1,1,"[['float down', 'button'], ['land on', 'button']]",2,2,"[['burst', 'balloon']]",1,1,4,4
95,1,"archer",38,"male","BBB","burst the balloon","drop the weight on to the button","hit the balloon","[['burst', 'balloon']]",1,1,"[['drop', 'button'], ['drop', 'weight']]",2,1,"[['hit', {'name': 'balloon'}]]",1,1,4,3
96,1,"archer",41,"female","BBB","hit the balloon","drop on red button","aim at balloon","[['hit', 'balloon']]",1,1,"[['drop on', 'red button']]",1,1,"[['aim', 'balloon']]",1,1,3,3
97,1,"archer",19,"male","AAA","its points make it easier for it to hit the switch","depending on the size of the bowling ball it seems more suitable to hit the switch","it can hit the switch because the archer is up","[['hit', 'switch']]",1,1,"[['hit', 'switch']]",1,1,"[['hit', 'switch']]",1,1,3,3
98,1,"archer",35,"male","AAA","Be shot straight into the bowling ball","The ball will then roll down the ramp","Make contact with the bowling ball","[['hit', 'bowling ball']]",1,1,"[['roll', 'ramp']]",1,0,"[['make contact with', 'the bowling ball']]",1,1,3,2
99,1,"archer",65,"male","BBB","Burst a ballon after firing.","The weight can activate the button when hit by the weight","Burst the balloon and drop the weight on to the buzzer.","[['burst', 'balloon']]",1,1,"[['activate', 'button']]",1,1,"[['burst', 'balloon'], ['drop', 'weight'], ['drop', 'buzzer']]",3,2,5,4
100,1,"archer",40,"male","BBB","pierce the balloon","pop and drop the weight on the button","hit the balloon","[['pierce', 'balloon']]",1,1,"[['drop', 'button'], ['drop', 'weight']]",2,1,"[['hit', 'balloon']]",1,1,4,3
101,1,"archer",50,"female","BBB","Fly through the air","It can pop","Pop the balloon","[['fly', 'air']]",1,0,"[]",0,0,"[['pop', 'balloon']]",1,1,2,1
102,1,"archer",70,"male","AAA","Cause an object to move","Move down the ramp and fall onto the switch","Hit the bowling ball","[['move', 'object']]",1,0,"[['move', 'ramp'], ['fall onto', 'switch']]",2,1,"[['hit', 'bowling ball']]",1,1,4,2
103,1,"archer",56,"female","BBB","The pointy arrow is shot from the bow and it pops the balloon.","The balloon, having popped, releases the supended weight so that it drops from above onto the red switch below. This switch when depressed lights up the lightbulb.","The bow when aimed properly at the balloon propels a pointy arrow so that it pops the balloon and drops the weight from above.","[['pop', 'balloon']]",1,1,"[['releases', 'weight'], ['drops onto', 'switch'], ['lights up', 'lightbulb']]",3,2,"[['propel', 'pointy arrow'], ['pop', 'balloon'], ['drop', 'weight']]",3,3,7,6
104,1,"archer",61,"male","AAA","Hit the bowling ball causing it to move down the slope.","Roll down the slope and hit the switch.","Shoot the arrow toward the bowling ball.","[['hit', 'bowling ball'], ['move', 'bowling ball']]",2,2,"[['roll', 'slope'], ['hit', 'switch']]",2,1,"[['shoot', 'arrow']]",1,1,5,4
105,1,"archer",32,"female","BBB","pop the balloon.","release a weight on to the button.","ensure that the arrow hits the balloon.","[['pop', 'balloon']]",1,1,"[['release', 'button']]",1,1,"[['hits', 'balloon']]",1,1,3,3
106,1,"archer",38,"male","BAB","shoots","rolls","press the button","[]",0,0,"[]",0,0,"[['press', 'button']]",1,1,1,1
107,1,"archer",25,"female","BBB","The arrow will shoot towards the balloon","The weight should fall onto the button","It will burst the balloon and the weight will drop","[['shoot towards', 'balloon']]",1,1,"[['fall onto', 'button'], ['press', 'button'], ['activate', 'button']]",3,3,"[['burst', 'balloon'], ['drop', 'weight']]",2,2,6,6
108,1,"archer",53,"male","BBB","This projectile can pierce the balloon.","Once the balloon is burst, the weight will fall onto the button to light the bulb.","This direction aims the arrow at the balloon in order to burst it.","[['pierce', 'balloon']]",1,1,"[['fall onto', 'button'], ['light', 'bulb']]",2,2,"[['aim', 'arrow'], ['burst', 'balloon']]",2,2,5,5
109,1,"archer",84,"male","BAA","Pierce balloon","Drop onto trigger","Move ball","[['pierce', 'balloon']]",1,1,"[['drop onto', 'trigger']]",1,0,"[['move', {'name': 'ball'}]]",1,1,3,2
110,1,"archer",27,"male","BBB","Burst the balloon.","Once the baloon pops, if it remains in the same place vertically, drop onto the switch and turn the light bulb on.","Hopefully hit the balloon.","[['burst', 'balloon']]",1,1,"[['drop onto', 'switch'], ['turn on', 'light bulb']]",2,2,"[]",0,0,3,3
111,1,"archer",31,"female","BBB","Pierce the balloon","Drop the weight","Pierce the balloon to drop the weight on the button","[['pierce', 'balloon']]",1,1,"[['Drop', 'weight']]",1,0,"[['pierce', 'balloon'], ['drop', 'weight']]",2,2,4,3
112,1,"archer",31,"male","BBB","Nothing, it's not loaded into the bow.","Drop on the red button, making the light come on.","Fire at the balloon, causing the weight to drop on the red button.","[]",0,0,"[['drop on', 'button'], ['turn on', 'light']]",2,2,"[['fire at', 'balloon'], ['drop', 'weight'], ['drop on', 'red button']]",3,3,5,5
113,1,"archer",31,"male","BBB","The pointy arrow can be shot to pop the balloon holding the weight.","The balloon with the weight can be popped by the arrow to drop the weight on the button.","Aiming upward towards the balloon so that the arrow will puncture the balloon and drop the weight.","[['pop', 'balloon'], ['hold', 'weight']]",2,2,"[['popped', 'arrow'], ['drop', 'button']]",2,2,"[['puncture', 'balloon'], ['drop', 'weight']]",2,2,6,6
114,1,"archer",62,"female","BBB","It can aim at the balloon and pop it","the weight will drop heavily onto the red button which will hopefully trigger the light bult","it has to point upwards towards the balloon to pop it","[['aim at', 'balloon'], ['pop', 'balloon']]",2,2,"[['drop onto', 'red button'], ['trigger', 'light bulb']]",2,2,"[['point upwards towards', 'balloon'], ['pop', 'balloon']]",2,2,6,6
115,1,"archer",41,"female","BBA","Its sharp and i've not heard of the other one?","Pop and fall down, hopefully landing on the red button","Hit the button?","[]",0,0,"[['pop', 'red button'], ['fall down', 'red button']]",2,2,"[]",0,0,2,2
116,1,"archer",64,"female","BBB","Break the balloon","fall and hit the button to light the light","hit the balloon","[['break', 'balloon']]",1,1,"[['hit', 'button'], ['light', 'light']]",2,2,"[['hit', 'balloon']]",1,1,4,4
117,1,"archer",37,"female","AAA","Push the bowling ball","Put weight on the button","Move it to land on the button","[['Push', 'bowling ball']]",1,1,"[['press', 'button']]",1,1,"[['move', 'button'], ['land on', 'button']]",2,2,4,4
118,1,"archer",60,"female","BBB","Pop the balloon","drop to the button","fly to the balloon","[['pop', 'balloon']]",1,1,"[['drop', 'button']]",1,1,"[['fly', 'balloon']]",1,1,3,3
119,1,"archer",61,"female","BBA","It will pierce the balloon.","It will drop and land on the bulb.","It will light up when hit by weighted balloon.","[]",0,0,"[['drop', 'bulb'], ['land on', 'bulb']]",2,2,"[['hit', 'balloon']]",1,1,3,3
120,1,"dragon",59,"female","BBB","It can breathe fire and create wind to blow the ship","The wind created by the dragon will mov the ship forward also moving the water forward and creating power","The button takes the power created and switches the washing machine on. The water fills the washing machine","[['breathe', 'fire'], ['create', 'wind'], ['blow', 'ship']]",3,1,"[['create', 'wind'], ['move', 'water'], ['create', 'power']]",3,0,"[['takes', 'power'], ['switches on', 'washing machine']]",2,1,8,2
121,1,"dragon",52,"female","BAA","breathe fire","drop down when rope is burnt","once hit turns the machine on","[['breathe', 'fire']]",1,0,"[['drop', 'rope'], ['burnt', 'rope']]",2,0,"[['turn on', 'machine']]",1,0,4,0
122,1,"dragon",43,"male","BAA","Draco can blow strong gusts of wind, which can push or activate objects from a distance","The weight can fall when released, pulling the rope downward. this motion can trigger a mechanical action","When ctivated from above, the upward-facing button sends an electrical signal to start the washing machine","[['blow', 'gusts of wind'], ['push', 'objects'], ['activate', 'objects']]",3,0,"[['pull', 'rope'], ['trigger', 'mechanical action']]",2,0,"[['start', 'washing machine'], ['send', 'electrical signal']]",2,1,7,1
123,1,"dragon",23,"male","BBB","Create a strong wind to move big objects","Move with much force","Activate the washing machine","[['blow', 'wind'], ['move', 'objects']]",2,0,"[['move', 'force']]",1,0,"[['activate', {'name': 'washing machine'}]]",1,1,4,1
124,1,"dragon",58,"male","BAB","It can use the wind to push the boat with its ram into the button.","The weight can be lowered onto the button to start the machine","It can start the machine when pressed","[['push', 'boat']]",1,1,"[['lowered', 'button'], ['start', 'machine']]",2,1,"[['start', 'machine']]",1,0,4,2
125,1,"dragon",58,"male","BBB","Blow wind","transverse seas","Starts the washing machine","[['blow', 'wind']]",1,0,"[['transverse', 'seas']]",1,0,"[['start', 'washing machine']]",1,1,3,1
126,1,"dragon",31,"male","BBB","Create strong gusts of wind to spin the washing drum faster and blow away bubbles","The winddragon uses its wind powers to blow away or deflect incoming attacks from the water monster","The wind flows from its mouth or wings toward the left possibly causing leaves ,papers or wateer to swirl in that direction","[['create', 'gusts of wind'], ['spin', 'washing drum'], ['blow', 'bubbles']]",3,0,"[['blow away', 'incoming attacks'], ['deflect', 'incoming attacks'], ['deflect', 'water monster'], ['harness', 'wind powers'], ['use', 'wind powers']]",5,0,"[['flows', 'wind'], ['swirl', 'leaves'], ['swirl', 'papers'], ['swirl', 'water']]",4,0,12,0
127,1,"dragon",62,"male","BAA","he can breath fire on he rope so that the weight drops","the weight drops on the button","the button turns on the washing machine","[['blow', 'rope'], ['drop', 'weight']]",2,2,"[['drop', 'button']]",1,1,"[['turns on', 'washing machine']]",1,1,4,4
128,1,"dragon",57,"male","BBB","Create wind","Sail using the wind (ie convert wind energy to motion)","turn on the washing machine","[['create', 'wind']]",1,0,"[['convert', 'motion']]",1,0,"[['turn on', 'washing machine']]",1,1,3,1
129,1,"dragon",44,"female","BBB","Flying","sailing","blowing","[]",0,0,"[]",0,0,"[]",0,0,0,0
130,1,"dragon",38,"female","BBB","Blow wind at the ship sails","Sail across the water and press the leftward-facing button","Start the washing machine","[['blow', 'wind'], ['blow', 'sails']]",2,1,"[['move across', 'water'], ['press', 'leftward-facing button']]",2,1,"[['start', 'washing machine']]",1,1,5,3
131,1,"dragon",19,"male","AAA","he can add the weight on the rope","it can fall on the button facing upwards","it will run the machine","[['add', 'weight']]",1,1,"[['fall on', 'button']]",1,1,"[['run', 'machine']]",1,0,3,2
132,1,"dragon",34,"female","ABB","love ninjas. Powerful and smart","ship feels more powerful. can move right with great force","facing left works better with ship movement right. can trigger the machine","[]",0,0,"[['move', 'right']]",1,0,"[['trigger', 'machine']]",1,0,2,0
133,1,"dragon",27,"male","AAA","Throws electric shuriken","ataches to the button","Starts the machine","[['throw', 'electric shuriken']]",1,0,"[['attaches to', 'button']]",1,1,"[['Starts', 'machine']]",1,0,3,1
134,1,"dragon",56,"male","BAB","Create wind energy","Generate force","Operate the washing machine","[['Create', {'name': 'wind energy'}]]",1,0,"[['generate', 'force']]",1,0,"[['Operate', {'name': 'washing machine'}]]",1,1,3,1
135,1,"dragon",26,"male","BBB","Be the power source to power the washing machine","The boat constantly bumps the button giving it power","pressing the button being to the side benefits the waves that constantly keeps the machine running/charged","[['power', 'washing machine']]",1,1,"[['bump', 'button']]",1,1,"[['activate', 'waves']]",1,0,3,2
136,1,"dragon",37,"male","AAA","The ninja can throw shurikens which are sharp enough to cut through rope.","This object has enough weight to press down on buttons.","This button can cause a washing machine to start.","[['throw', 'shurikens'], ['cut', 'rope']]",2,1,"[['press down on', 'buttons']]",1,1,"[['start', 'washing machine']]",1,1,4,3
137,1,"dragon",60,"female","BAA","He is attracted to all things water so he is heading towards that machine - no mistake.","This rope can drop at speed.","This button will activate the machine.","[['move toward', 'machine']]",1,0,"[]",0,0,"[['activate', 'machine']]",1,0,2,0
138,1,"dragon",25,"male","BBB","Blow and create strong winds into the direction of the battle ship","Use the sails into the direction of the wind from the winddragon to move into the button ahead","activate the washing machine","[['blow', 'battleship'], ['create', 'winds']]",2,1,"[['use', 'sails'], ['move', 'button']]",2,1,"[['activate', 'washing machine']]",1,1,5,3
139,1,"dragon",26,"female","ABA","the creature can throw shruiken","the object can sail through water","this object can wash","[['throw', 'shruiken']]",1,0,"[['sail', 'water']]",1,0,"[['wash', 'object']]",1,0,3,0
140,1,"dragon",52,"female","BAB","Draco the wind dragon will blow a strong, steady gust of air towards the weight on a rope.","The gust of air will prompt the weight to kick start the button.","The button will then start the washing machine.","[['blow', {'name': 'weight'}], ['blow', {'name': 'rope'}], ['blow', {'name': 'gust of air'}]]",3,2,"[['kick', 'button']]",1,1,"[['start', 'washing machine']]",1,1,5,4
141,1,"dragon",35,"male","AAA","Can throw a shuriken to hopefully cut the rope holding the weight.","If the rope is cut then the weight would fall down and hit the button to start the washing machine.","Keeps it in the position that the weight falling after the rope is cut would hit it.","[['throw', 'shuriken'], ['cut', 'rope']]",2,1,"[['cut', 'rope'], ['fall', 'button'], ['hit', 'button'], ['start', 'washing machine']]",4,2,"[['hit', 'weight']]",1,1,7,4
142,1,"dragon",24,"female","BAA","He can fly around and carry things around","It can help lower things down and raise them back up - tools etc.","It turns on the washing machine","[['carry', 'things']]",1,0,"[['lower', 'things'], ['raise', 'things'], ['lower', 'tools'], ['raise', 'tools']]",4,0,"[['turns on', 'washing machine']]",1,1,6,1
143,1,"dragon",50,"female","BBB","fly to the switch and press it","press the switch with the horizontal pole","easily pressed by dragon or pole","[['fly to', 'switch'], ['press', 'switch']]",2,0,"[['press', 'switch']]",1,0,"[['press', 'dragon'], ['press', 'pole']]",2,1,5,1
144,1,"dragon",48,"male","BBB","Blow the ship forwards","Be blown forward to push the button","Start the washing machine","[['blow', 'ship']]",1,1,"[['push', 'button']]",1,1,"[['start', 'washing machine']]",1,1,3,3
145,1,"dragon",31,"male","BBB","can destroy the ship","can help transport people from one place to another","can help to put on the washing machine","[['destroy', 'ship']]",1,1,"[['transport', 'people']]",1,0,"[['put on', {'name': 'washing machine'}]]",1,1,3,2
146,1,"dragon",41,"male","BBB","He's going to blow a huge gust of wind","The ship will sail towards the button","Turn on the washing machine!","[['blow', 'gust of wind']]",1,0,"[['sail towards', 'button']]",1,1,"[['turn on', {'name': 'washing machine'}]]",1,1,3,2
147,1,"dragon",44,"female","BBB","Blow","Sail forwards","Start the machine","[]",0,0,"[]",0,0,"[['start', {'name': 'machine'}]]",1,0,1,0
148,1,"dragon",73,"female","BBB","Blow the wind to fill the sails","move forward","start the machine","[['blow', {'name': 'wind'}], ['fill', {'name': 'sails'}]]",2,1,"[['move', 'forward']]",1,0,"[['start', 'machine']]",1,0,4,1
149,1,"dragon",62,"male","BBB","blow the sailsn move ship","move forward press button","turn washing machine on","[['blow', 'sails'], ['move', 'ship']]",2,2,"[['move', 'forward'], ['press', 'button']]",2,1,"[['turn on', 'washing machine']]",1,0,5,3
150,1,"dragon",56,"female","BBA","Instead of blowing fire this dragon can blow powerful bursts of cold icey wind","It can project canons","it can move the dragon up and down","[['blow', 'fire'], ['blow', 'wind']]",2,0,"[['project', 'canons']]",1,0,"[['move', 'dragon']]",1,1,4,1
151,1,"dragon",68,"male","BBB","It can produce the wind to propel the ship across the water toward the switch.","It can progress across the water and the pole protruding from the bow can press the switch for the washing machine.","It can switch on the washing machine.","[['produce', 'wind'], ['propel', 'ship']]",2,1,"[['move across', 'water'], ['press', 'switch']]",2,0,"[['switch on', {'name': 'washing machine'}]]",1,1,5,2
152,1,"dragon",34,"male","BBA","blow fire","shoot cannonballs","start the machine","[['blow', 'fire']]",1,0,"[['shoot', 'cannonballs']]",1,0,"[['start', 'machine']]",1,0,3,0
153,1,"dragon",38,"female","BBB","blow very powerful wind","sail across the seas","turn the washing machine on","[['blow', 'wind']]",1,0,"[['sail', 'seas']]",1,0,"[['turn on', 'washing machine']]",1,1,3,1
154,1,"dragon",66,"female","BBB","fly","sail","start","[]",0,0,"[]",0,0,"[]",0,0,0,0
155,1,"dragon",30,"male","AAA","Cut the rope so that the weight can fall","The weight can break through the ship and trigger the button","It can start the washing machine","[['cut', 'rope']]",1,1,"[['break through', 'ship'], ['trigger', 'button']]",2,1,"[['start', 'washing machine']]",1,1,4,3
156,1,"dragon",50,"female","BBB","blow air out of his mouth at high speed bursts","propell forwards when wind fills its sails","when the green surface is compressed it starts the washing machine","[['blow', 'air']]",1,0,"[['fill', 'sails']]",1,0,"[['start', 'washing machine']]",1,1,3,1
157,1,"dragon",64,"female","BBB","wind dragon","blow wind into sails to propel boats point onto button","button powers on machine once pressed","[]",0,0,"[['blow', 'wind'], ['propel', 'boats'], ['point', 'button']]",3,1,"[['powers on', 'machine']]",1,0,4,1
158,1,"dragon",40,"male","AAB","I was hoping that the ninja could throw his star at the weight and hit it hard.","The weight should get hit by the star hard and start to swing toward the button.","I guess the weight will hit the button and this will activate the button.","[['throw', 'star'], ['hit', 'weight']]",2,1,"[['hit', 'star'], ['swing toward', 'button']]",2,1,"[['hit', 'weight']]",1,1,5,3
159,1,"dragon",32,"female","BBB","Jump off the perch onto the boat to start sailing it","Move forwards as the wind blow it or as a creature directs it","Turn on the washing machine","[['jump off', 'perch'], ['start sailing', 'boat']]",2,1,"[['move', 'wind'], ['move', 'creature'], ['blow', 'wind'], ['directs', 'creature']]",4,2,"[['turn on', 'washing machine']]",1,1,7,4
