nummer;machine_type;model;entities;activities;arrangements;expl_length;num_ent;num_act;num_arr
3;dysfunctional;gpt-3.5-turbo;balloon, weight, bow, arrow, rocket, hamster, wheel, chain saw;firing, nailed, plugged in;on it, underneath it, onto the wall, for electricity;48;8;3;4
3;dysfunctional;gpt-4o-mini;balloon, weight, bow, arrow, rocket, hamster, wheel, chain saw, wall;firing;nailed onto the wall, plugged in for electricity;48;9;1;2
3;dysfunctional;gpt-5-nano;balloon, weight, bow, arrow, rocket, hamster, wheel, chainsaw, wall;firing;weight on balloon, rocket underneath bow and arrow, hamster in wheel, chainsaw nailed onto wall, chainsaw plugged in for electricity, arrow directed at hamster;48;9;1;6
11;dysfunctional;gpt-3.5-turbo;balloon, weight, string, shelf, bow, arrow, rocket, mouse, wheel, pin, leg, breadknife, nail;tied, attached, sits, fire, trigger, pointing, mounted, rotating, turning, plugged in, suspended, hangs;below, to the right of, below the shelf, below a small wheel, in the middle of, attached to, below the wall;167;13;12;7
11;dysfunctional;gpt-4o-mini;balloon, weight, string, shelf, bow, arrow, rocket, small shelf, wheel, pin, mouse, leg, electric breadknife, wall socket, nail;fire, trigger, rotate, hit, turn;tied to the bottom of it, attached to the right of it, below the shelf, pointing towards a small shelf, mounted on a circular wheel or pin, below a small wheel with eight spokes, suspended from the wall, over a nail;167;15;5;8
11;dysfunctional;gpt-5-nano;balloon, weight, string, shelf, bow, arrow, rocket, mouse, wheel, leg, wall socket, breadknife, nail, wall;fire, trigger, rotate, hit, turn;weight tied to balloon bottom by string, bow attached to shelf on the right, arrow attached to shelf on the right, rocket below shelf, arrow pointing toward shelf, shelf mounted on a circular wheel, mouse in the middle of wheel, wheel has eight spokes, leg attached to wheel, breadknife plugged into wall socket, breadknife suspended from wall by string, string hangs over nail;167;14;5;12
12;dysfunctional;gpt-3.5-turbo;NA;depicting, react;for an end result;20;0;2;1
12;dysfunctional;gpt-4o-mini;drawings, contraptions;react;NA;20;2;1;0
12;dysfunctional;gpt-5-nano;drawings, contraptions;depicting, react;in series;20;2;2;1
13;dysfunctional;gpt-3.5-turbo;saw, wall, hamster, wheel, foot, balloon, weight, contraption, device, bow, arrow, rocket;running, coming out, hold up;connected to a wall, being hung on the wall;90;12;3;2
13;dysfunctional;gpt-4o-mini;saw, wall, hamster, wheel, foot, balloon, weight, contraption, device, bow, arrow, rocket;connected, running, imply, hold;hung on the wall, coming out of the bottom, under it;90;12;4;3
13;dysfunctional;gpt-5-nano;saw, hamster, wheel, balloon, weight, contraption, bow, arrow, rocket, foot;running;saw connected to wall, saw hung on wall, hamster in wheel, foot coming out of bottom of wheel, balloon holding up weight, rocket under contraption;90;10;1;6
14;dysfunctional;gpt-3.5-turbo;balloon, rocket, crossbow, arrow, mouse, wheel, electric saw;firing, hitting, rolling;NA;53;7;3;0
14;dysfunctional;gpt-4o-mini;balloon, rocket, crossbow, arrow, mouse, mouse wheel, electric saw;knocking, fires, loosens, hitting, rolls;NA;53;7;5;0
14;dysfunctional;gpt-5-nano;weighted balloon, rocket, crossbow, arrow, mouse wheel, electric saw, mouse;knocking into, firing, loosening arrow, hitting, rolling forward;towards the crossbow, into the electric saw;53;7;5;2
16;dysfunctional;gpt-3.5-turbo;bow, arrow;weighted;operated;8;2;1;1
16;dysfunctional;gpt-4o-mini;bow, arrow;operated;weighted;8;2;1;1
16;dysfunctional;gpt-5-nano;bow, arrow;NA;NA;8;2;0;0
18;dysfunctional;gpt-3.5-turbo;toy rocket, balloon, weight, bow, arrow, hamster, wheel, electric saw;NA;weight attached to balloon to keep it from flying away, hamster on wheel;32;8;0;2
18;dysfunctional;gpt-4o-mini;toy rocket, balloon, weight, bow, arrow, hamster, wheel, electric saw;NA;NA;32;8;0;0
18;dysfunctional;gpt-5-nano;toy rocket, balloon, weight, bow, arrow, hamster, wheel, electric saw;NA;hamster on a wheel, balloon with a weight attached;32;8;0;2
19;dysfunctional;gpt-3.5-turbo;rocket, mouse, balloon;NA;balloon attach to something;22;3;0;1
19;dysfunctional;gpt-4o-mini;rocket, mouse, wheel, balloon;NA;attach to something;22;4;0;1
19;dysfunctional;gpt-5-nano;rocket, mouse, wheel, balloon;attach;mouse on wheel;22;4;1;1
23;dysfunctional;gpt-3.5-turbo;balloon, weight, crossbow, platform, rocket, missile, hamster, animal, wheel, wheeled platform, electronic carving knife, nail, electrical socket;NA;attached to, underneath, to the right of, at the top, beneath, hanging from, plugged into;77;13;0;7
23;dysfunctional;gpt-4o-mini;balloon, weight, crossbow, platform, rocket, missile, hamster, animal, wheel, wheeled platform, electronic carving knife, nail, electrical socket;NA;attached to a weight, attached to a platform, underneath, in a wheel, under which, hanging from a nail, plugged into an electrical socket;77;13;0;7
23;dysfunctional;gpt-5-nano;balloon, weight, crossbow, platform, rocket, hamster, wheel, wheeled platform, electronic carving knife, nail, electrical socket;NA;balloon attached to a weight, crossbow attached to a platform, rocket beneath crossbow, hamster in a wheel, wheeled platform beneath hamster wheel, carving knife hanging from a nail, carving knife plugged into an electrical socket;77;11;0;7
25;dysfunctional;gpt-3.5-turbo;crossbow, rocket, weighted balloon, electric knife, hamster wheel;NA;NA;34;5;0;0
25;dysfunctional;gpt-4o-mini;crossbow, rocket, weighted balloon, electric knife, hamster wheel;NA;NA;34;5;0;0
25;dysfunctional;gpt-5-nano;crossbow, rocket, weighted balloon, electric knife, hamster wheel, Mousetrap;NA;NA;34;6;0;0
33;dysfunctional;gpt-3.5-turbo;electric chainsaw, hydrogen balloon, crossbow, rocket, rat, wheel, leg, seesaw;suspended, moves;weighted hydrogen balloon, crossbow suspended above a mini rocket, rat in a wheel, wheel with a leg attached to it, seesaw on wheels;34;8;2;5
33;dysfunctional;gpt-4o-mini;electric chainsaw, weighted hydrogen balloon, crossbow, mini rocket, rat, wheel, leg, seesaw, wheels;moves;suspended above;34;9;1;1
33;dysfunctional;gpt-5-nano;electric chainsaw, weighted hydrogen balloon, crossbow, mini rocket, rat, wheel, seesaw;moving a seesaw;crossbow suspended above a mini rocket, rat in a wheel, seesaw on wheels;34;7;1;3
35;dysfunctional;gpt-3.5-turbo;helium balloon, weight, toy rocket, shelf, crossbow, mouse, exercise wheel, electric carving knife, electrical socket, nail;aimed, plugged into, hangs;holding up, aimed at, cocket at, aimed at, plugged into, hangs from;46;10;3;6
35;dysfunctional;gpt-4o-mini;helium balloon, weight, toy rocket, shelf, crossbow, mouse, exercise wheel, electric carving knife, electrical socket, nail;holding, aimed, cocked, plugged, hangs;NA;46;10;5;0
35;dysfunctional;gpt-5-nano;helium balloon, weight, toy rocket, crossbow, shelf, mouse, exercise wheel, electric carving knife, electrical socket, nail;holding up, aimed at, plugged into;bottom of shelf, on an exercise wheel, hanging from a nail;46;10;3;3
36;dysfunctional;gpt-3.5-turbo;balloon, weight, bow, arrow, hamster wheel, knife, plug socket;NA;tied to, above, attached to;32;7;0;3
36;dysfunctional;gpt-4o-mini;balloon, weight, bow, arrow, hamster wheel, knife, plug socket;NA;tied to, attached to;32;7;0;2
36;dysfunctional;gpt-5-nano;balloon, weight, bow, arrow, hamster wheel, knife, plug socket;NA;weight tied to balloon, hamster wheel above knife, knife attached to plug socket;32;7;0;3
37;dysfunctional;gpt-3.5-turbo;ballon, weight, ribbon, rocket, bow and arrow, stand, mouse, ball, wheel, chainsaw, hook;running;held up with, rested on, going along, plugged in, hanging on;93;11;1;5
37;dysfunctional;gpt-4o-mini;balloon, weight, ribbon, rocket, bow and arrow, stand, mouse, ball, wheel, chainsaw, hook;held up, running, going, plugged in, hanging;on it, rested on a stand, on the floor, at the far right;93;11;5;4
37;dysfunctional;gpt-5-nano;balloon, weight, ribbon, rocket, bow, arrow, stand, mouse, hamster ball, wheel, chainsaw, hook;running, moving;balloon held up by a weight and a ribbon, bow and arrow resting on a stand, mouse inside a hamster ball, hamster ball on a wheel, chainsaw plugged in, chainsaw hanging on a hook;93;12;2;6
39;dysfunctional;gpt-3.5-turbo;manuscript, balloon, weight, crossbow, hamster wheel, iron, socket;NA;NA;38;7;0;0
39;dysfunctional;gpt-4o-mini;balloon, weight, crossbow, hamster wheel, iron, socket;NA;NA;38;6;0;0
39;dysfunctional;gpt-5-nano;balloon, weight, crossbow, hamster wheel, iron, socket, Rube Goldberg machine;plugging into a socket;balloon with a weight, iron plugged into a socket;38;7;1;2
48;dysfunctional;gpt-3.5-turbo;balloon, weight, bow, arrow, string, rocket, mouse, wheel, chainsaw, nail;NA;tied to, with, underneath, in, attached to, on;53;10;0;6
48;dysfunctional;gpt-4o-mini;balloon, weight, bow, arrow, string, rocket, mouse, wheel, chainsaw, nail, wall;NA;tied to a weight, attached to a nail on the wall, underneath;53;11;0;3
48;dysfunctional;gpt-5-nano;balloon, weight, bow, arrow, string, rocket, mouse, wheel, chainsaw, nail, wall;NA;tied to a weight, string attached to bow and arrow, rocket underneath bow and arrow, mouse in a wheel, chainsaw attached to a nail on the wall;53;11;0;5
49;dysfunctional;gpt-3.5-turbo;contraptions;linked, triggered, achieve;NA;22;1;3;0
49;dysfunctional;gpt-4o-mini;contraptions;linked, triggered, achieve;NA;22;1;3;0
49;dysfunctional;gpt-5-nano;contraptions;link, trigger;NA;22;1;2;0
55;dysfunctional;gpt-3.5-turbo;balloon, weight, helium, rocket, platform, shelf, crossbow, arrow, rodent, hamster wheel, board, wheel, nail, chainsaw, electric knife, cord, box;NA;to the left of a weight, to the right of the balloon, under a platform or shelf, higher up and to the right of the rocket, to the right of the rocket, a little higher up and to the right of the rocket, farther to the right and a bit lower, level with the crossbow, hanging from a nail, attached to a small box, over a board on a small wheel;230;17;0;11
55;dysfunctional;gpt-4o-mini;balloon, weight, rocket, platform, shelf, crossbow, arrow, rodent, hamster wheel, board, wheel, nail, chainsaw, electric knife, cord, box, bow;NA;tied to a weight, attached to a weight, under a platform or shelf, in a hamster wheel, over a board on a small wheel, hanging from which there is a chainsaw or electric knife, tied round the bottom of the balloon;230;17;0;7
55;dysfunctional;gpt-5-nano;balloon, weight, rocket, platform, crossbow, arrow, rodent, hamster wheel, board, nail, chainsaw, box, cord, bow;holding weight up, emerges crossbow;balloon tied to weight, weight on floor, rocket under platform, crossbow on platform, arrow in crossbow, rodent in hamster wheel, hamster wheel over board, nail with chainsaw hanging from it, cord attached to box, bow around bottom of balloon;230;14;2;10
57;dysfunctional;gpt-3.5-turbo;balloon, ribbon, weight, device, bow, arrow, rocket ship, hamster wheel, hamster, lever, foot, platform, outlet, cord, saw;NA;attached to a ribbon, tied in a bow, with a weight at the other end of it, looks like a mounted bow and arrow, with a hamster running on it, with a lever that looks like a foot underneath the wheel, running on a balancing platform with a wheel underneath it, held up with a nail, plugged into an outlet, with a saw at the end of it;122;15;0;10
57;dysfunctional;gpt-4o-mini;balloon, ribbon, weight, device, bow, arrow, rocket ship, hamster wheel, hamster, lever, platform, wheel, nail, outlet, cord, saw;running, held up, plugged in;attached to a ribbon, tied in a bow, mounted, underneath the wheel, on a balancing platform;122;16;3;5
57;dysfunctional;gpt-5-nano;balloon, ribbon, weight, bow and arrow, rocket, hamster wheel, hamster, lever, balancing platform, balancing platform wheel, nail, outlet, cord, saw;running;balloon attached to ribbon, ribbon tied in a bow, weight at end of ribbon, hamster running on hamster wheel, lever underneath hamster wheel, wheel underneath balancing platform, nail holds device up, device plugged into outlet, cord ending in saw;122;14;1;9
59;dysfunctional;gpt-3.5-turbo;balloon, weight, chain saw, wire, plug, hamster, wheel, foot, platform, rocket, bow and arrow;running, balancing, pointing;tied onto, hanging below, pinned into, attached to, running in, pointing towards;69;11;3;6
59;dysfunctional;gpt-4o-mini;balloon, weight, chain saw, wall, wire, plug, hamster, wheel, foot, platform, rocket, bow, arrow;running, balancing, pointing;hanging below, pinned into, attached to, towards;69;13;3;4
59;dysfunctional;gpt-5-nano;balloon, weight, chainsaw, wall, wire, plug, hamster, wheel, platform, rocket, bow, arrow;tying, pinning, running, balancing, pointing;hanging below, pinned into a wall, foot on platform, platform with a wheel, attached to a platform;69;12;5;5
4;functional;gpt-3.5-turbo;mouse, boot, switch, saw, rope, arrow, balloon, weight, see saw, rocket;run, hit, turn on, cut, fire, pop, fall, hitting;NA;62;10;8;0
4;functional;gpt-4o-mini;mouse, wheel, boot, switch, saw, rope, arrow, balloon, weight, see saw, rocket;run, hit, turn on, cut, fire, pop, fall, hit, fire;set up in a chain reaction, fired upwards;62;11;9;2
4;functional;gpt-5-nano;mouse, wheel, boot, switch, saw, rope, arrow, balloon, weight, seesaw, rocket;run, hit, turn on, cut, fire, pop, fall;mouse in wheel;62;11;7;1
6;functional;gpt-3.5-turbo;balloon, weight, launching pad, rocket, contraption, wheel, foot, mouse, switch, cable, saw, wooden stand, bow, arrow;floating, running, turning, generate movement, pressing, poised, holding, fire;attached to the bottom of, underneath, to the left of, consists of, poised over, pointing at;125;14;8;6
6;functional;gpt-4o-mini;balloon, weight, launching pad, rocket, contraption, wheel, foot, mouse, switch, cable, saw, wooden stand, bow, arrow;floating, running, turning, generate movement, press, fire, hit, fall, fire;attached to the bottom of it, underneath the balloon, to the left of the balloon, poised over, holding, pointing at the balloon;125;14;9;6
6;functional;gpt-5-nano;balloon, weight, launching pad, rocket, contraption, wheel, foot, mouse, switch, cable, saw, wooden stand, bow, arrow;floating, running, turning, pressing, firing, hitting, falling;balloon above launching pad, rocket on launching pad, contraption left of balloon, foot outside wheel, mouse inside contraption, saw above wooden stand, wooden stand holding bow and arrow, arrow pointing at balloon, cable between switch and saw, weight attached to balloon bottom, weight above launching pad;125;14;7;11
7;functional;gpt-3.5-turbo;hamster, wheel, shoe, switch, saw, rope, bow, arrow, balloon, weight, board, rocket;running, kicks, cut, releases, shoots, causes, drop, hits, jump;NA;73;12;9;0
7;functional;gpt-4o-mini;hamster, wheel, shoe, switch, saw, rope, bow, arrow, balloon, weight, board, rocket;running, moves, kicks, start, cut, releases, shoots, drop, hits, jump;in a wheel, on the bow, at a hard and strong pace, on the right hand side;73;12;10;4
7;functional;gpt-5-nano;hamster, wheel, shoe, switch, saw, rope, bow, arrow, balloon, weight, board, rocket;running, moving, kicking, starting, cutting, releasing, shooting, dropping, hitting, jumping;hamster in wheel, arrow on bow, rocket on the right-hand side;73;12;10;3
9;functional;gpt-3.5-turbo;mouse, wheel, boot, switch, chainsaw, string, bow, arrow, balloon, weight, seesaw, rocket;spinning, kicking, hitting, turning on, cutting, releasing, flying, popping, dropping, propelling;spinning the wheel, kicking the boot, hitting the switch, turning on the chainsaw, cutting the string, holding back the bow, releasing an arrow, flying through the air, popping the balloon, dropping onto the seesaw, propelled into the air;66;12;10;11
9;functional;gpt-4o-mini;mouse, wheel, boot, switch, chainsaw, string, bow, arrow, balloon, weight, seesaw, rocket;spinning, kick, hit, turn on, cut, release, fly, popping, make, drop, propel;holding back, into the air, on the other side;66;12;11;3
9;functional;gpt-5-nano;mouse, wheel, boot, switch, chainsaw, string, bow, arrow, balloon, weight, seesaw, rocket;spinning, kick, hit, turn on, cut, releases, fly, popping, drop, propel;through the air, holding back the bow, onto the seesaw, on the other side;66;12;10;4
10;functional;gpt-3.5-turbo;wheel, mouse, boot, switch, chainsaw, nail, machine, crossbow, balloon, floor, rocket ship;NA;inside of, attached on, raised on, pointing towards, connected to, hung up on, hooked up to, pointing at, weighted down by, being balanced by;94;11;0;10
10;functional;gpt-4o-mini;wheel, mouse, boot, switch, chainsaw, nail, machine, crossbow, balloon, floor, rocket ship;pointing, raised, hung up, hooked up, weighted down, balanced;attached on the bottom left quadrant of the wheel, towards what appears to be a switch, towards a machine, pointed at a balloon, below that balloon, on it;94;11;6;6
10;functional;gpt-5-nano;wheel, mouse, boot, switch, chainsaw, nail, machine, crossbow, balloon, floor, rocket ship;pointing;mouse inside wheel, boot attached to wheel (bottom left quadrant), boot raised on its heel, switch connected to end of chainsaw, chainsaw hung on a nail, machine hooked up to crossbow, balloon weighted down, floor being balanced by something with rocket ship on it;94;11;1;8
20;functional;gpt-3.5-turbo;balloon, bow, weight, arrow technology machine, arrow, mark, face, saw, electric gadget, string, nail, wire, bulldozer machine, outlet, wheel, mouse, shoe, sea saw, wood piece, tire wheel, rocket;being tied, being held, connected, curling, attached, balancing;at the bottom on the right side, to the center, being held down by, on the left side, facing slightly upwards, with the arrow towards, on the upper right side, from the 19th century, having a wooden bottom, having a loophole, coming out of, held by a string, slung over, connected to, curling until it reaches, permanently attached to, on the bottom part of, inside, connected to its bottom left corner, looking image that is not tilted, balancing on, with a rocket on the right side;243;21;6;22
20;functional;gpt-4o-mini;balloon, weight, arrow technology machine, arrow, 19th century machine, wooden bottom, loophole, stick, saw, electric gadget, nail, wire, outlet, wheel, mouse, shoe, sea saw, wood piece, tire wheel, rocket;tied, held down, facing, curling, connected;at the bottom on the right side, close to the center, on the left side, slung over a nail, attached to the outlet, inside, connected to its bottom left corner, balancing on a small tire wheel;243;20;5;8
20;functional;gpt-5-nano;balloon, bow, weight, arrow, arrow technology machine, saw, nail, string, wire, outlet, wheel, mouse, shoe, seesaw, wood piece, tire wheel, rocket;tying into a bow, holding down, slung, curling, balancing;balloon tied into a bow, balloon on the right side near the center, balloon held down by a weight, arrow technology machine on the left side of the balloon, arrow machine facing slightly upwards, arrow pointing toward the balloon, string slung over a nail, wire connected to the saw and curling toward the outlet, wire attached to the outlet, wheel with a mouse inside and a shoe attached to its bottom left corner, wood piece balancing on a small tire wheel, rocket on the right side, seesaw-looking image not tilted;243;17;5;13
21;functional;gpt-3.5-turbo;hamster, wheel, leg, switch, chainsaw, rope, arrow, balloon, weight, trolley, rocket;turn, make, flick, power, saw through, release, burst, drop, shoot;NA;56;11;9;0
21;functional;gpt-4o-mini;hamster, wheel, leg, switch, chainsaw, rope, arrow, balloon, weight, trolley, rocket;turn, make, power, saw, release, burst, drop, shoot;into the air;56;11;8;1
21;functional;gpt-5-nano;hamster, wheel, leg, switch, chainsaw, rope, arrow, balloon, weight, trolley, rocket;turn, flick, power, saw, release, burst, drop, shoot;to the trolley, into the air, through the rope;56;11;8;3
22;functional;gpt-3.5-turbo;rube goldberg machine, mouse, wheel, boot, switch, electric carving knife, string, rope, crossbow, balloon, weight, seesaw, dart;spins, kicks, turns on, cuts, fires, pops, drops, falls, is launched upwards;attached to, holding back, attached to, attached to, drops onto, attached to;121;13;9;6
22;functional;gpt-4o-mini;mouse, wheel, boot, switch, electric carving knife, string, rope, crossbow, balloon, weight, seesaw, dart;spins, kicks, turns on, cuts, fires, pops, drops, falls, launches;attached to, holding back, attached to, on one end, on the other end;121;12;9;5
22;functional;gpt-5-nano;mouse, wheel, boot, switch, electric carving knife, string, crossbow string, balloon, weight, seesaw, dart;spin, run, kick, turn on, cut, fire, pop, drop, fall, launch;boot attached to wheel, string holds back crossbow string, balloon attached to weight, weight drops onto seesaw, dart on seesaw;121;11;10;5
26;functional;gpt-3.5-turbo;mouse, wheel, boot, button, chainsaw, rope, bow, arrow, balloon, weight, plank of wood, rocket;turning, hit, cut, trigger, fire, popped, fall down, balanced;on the other side;69;12;8;1
26;functional;gpt-4o-mini;mouse, wheel, boot, button, chainsaw, rope, bow, arrow, balloon, weight, plank, wood, rocket;turning, moves, hit, turns on, cut, triggers, fire, hit, popped, fall, fire up;on a balanced plank of wood, on the other side;69;13;11;2
26;functional;gpt-5-nano;mouse, wheel, boot, button, chainsaw, rope, bow, arrow, balloon, weight, plank, rocket;turning, moving, hit, turning on, cut, trigger, fire, popped, fall;on the other side;69;12;9;1
27;functional;gpt-3.5-turbo;devices, mechanisms, rocket shaped object, mouse, wheel, boot, electric saw, cable, arrow, balloon, plank;propelled, triggered, cut, drops;being interconnected, being attached, hit a switch, dropped onto one side of a plank, propelled into the air, chain reaction;98;11;4;6
27;functional;gpt-4o-mini;devices, mechanisms, rocket shaped object, mouse, wheel, boot, switch, electric saw, cable, arrow, weight balloon, plank;propelled, hit, triggered, cut, release, pops, drops;interconnected, attached, into the air, on one side of a plank, onto one side of a plank, at the other end of the plank;98;12;7;6
27;functional;gpt-5-nano;mouse, wheel, boot, switch, electric saw, cable, arrow, weight, balloon, plank, rocket-shaped object;hit (switch), trigger, cut, release (arrow), pop, drop, propel;mouse in a wheel, weight on one side of a plank, rocket-shaped object on the other end of the plank;98;11;7;3
28;functional;gpt-3.5-turbo;rat, hamster wheel, electricity, electric knife, string, bow, arrow, balloon, weight, see-saw, rocket;running, generate, powers, cut though, holding, propelled, burst, drop, propel;NA;69;11;9;0
28;functional;gpt-4o-mini;rat, hamster wheel, electricity, electric knife, string, bow, arrow, balloon, weight, see-saw, rocket;running, generate, cut, propel, burst, drop;poised to cut, holding, cut though, up in the air;69;11;6;4
28;functional;gpt-5-nano;rat, hamster wheel, knife, bow, arrow, balloon, weight, see-saw, rocket, string;running, generate electricity, cut, burst, drop, propel;on a hamster wheel, arrow held by bow, onto a see-saw, up in the air;69;10;6;4
30;functional;gpt-3.5-turbo;mouse, wheel, switch, saw, string, arrow, balloon, rocket;flips, turns on, cuts, pops, falls, sets off;NA;24;8;6;0
30;functional;gpt-4o-mini;mouse, wheel, switch, saw, string, arrow, balloon, rocket;flips, turns on, cuts, releases, pops, falls, sets off;on, that;24;8;7;2
30;functional;gpt-5-nano;mouse, wheel, switch, saw, string, arrow, balloon, rocket;flips, turns on, cuts, releases, pops, falls, sets off;mouse on wheel;24;8;7;1
34;functional;gpt-3.5-turbo;mouse, hamster-wheel, boot, switch, electric saw, clip, bow, arrow, balloon, kettle-weight, see-saw, toy rocket;rotated, flick, power up, cut through, release, burst, fall, projecting;attached to, holding up, on the left side, on the right-hand side;126;12;8;4
34;functional;gpt-4o-mini;mouse, hamster-wheel, boot, switch, electric saw, clip, string, bow, arrow, balloon, kettle-weight, see-saw, toy rocket;fly, rotated, flick, power up, cut, release, burst, fall, project;inside, attached to, holding, in front of, onto, on the right-hand side;126;13;9;6
34;functional;gpt-5-nano;mouse, hamster-wheel, boot, switch, electric saw, clip, string, bow, arrow, balloon, kettle-weight, see-saw, rocket;rotating hamster-wheel, flicking a switch, powering up electric saw, cutting through clip, releasing arrow, balloon bursting, weight falling, see-saw tilting, rocket launching;mouse inside a hamster-wheel, boot attached to the wheel, balloon in front of the bow, kettle-weight held up by balloon, weight on the left side of the see-saw, rocket on the right-hand side of the see-saw;126;13;9;6
38;functional;gpt-3.5-turbo;mechanical contraption, bow, arrow, wheel, wires, chainsaw, balloon, weight, rocket, piece of wood;NA;attached to a weight, balanced on top of a piece of wood;54;10;0;2
38;functional;gpt-4o-mini;mechanical contraption, bow, arrow, wheel, wires, chainsaw, balloon, weight, rocket, piece of wood;NA;attached to a weight, balanced on top of a piece of wood;54;10;0;2
38;functional;gpt-5-nano;bow, arrow, wheel, wires, chainsaw, balloon, weight, rocket, piece of wood, mechanical contraption;made, attached;on the left, on the right, below this, on top of a piece of wood;54;10;2;4
42;functional;gpt-3.5-turbo;crossbow, wheeled base, wiring system, balloon, rocket;NA;NA;23;5;0;0
42;functional;gpt-4o-mini;crossbow, wheeled base, wiring system, balloon, rocket;NA;NA;23;5;0;0
42;functional;gpt-5-nano;contraption, crossbow, wheeled base, wiring system, balloon, rocket;NA;NA;23;6;0;0
43;functional;gpt-3.5-turbo;mouse, wheel, boot, light switch, electricity, chain saw, catapult, arrow, balloon, platform, weight, rocket;pushed around, flick, switched on, breaking, releases, bursts, added, propels;NA;58;12;8;0
43;functional;gpt-4o-mini;mouse, wheel, boot, light switch, electricity, chain saw, catapult, arrow, balloon, platform, weight, rocket;pushed, makes, switching on, work, breaking, releases, bursts, drops, added, propels;on a wheel, around, to a platform, upwards;58;12;10;4
43;functional;gpt-5-nano;mouse, wheel, boot, light switch, chainsaw, catapult, arrow, balloon, platform, weight, rocket;pushed around, flicking light switch, switching on electricity, operating chainsaw, breaking catapult, releasing arrow, bursting balloon, adding weight, propelling rocket;mouse on a wheel, balloon drops to a platform;58;11;9;2
47;functional;gpt-3.5-turbo;machine, toy rocket, mouse, wheel, boot, switch, chainsaw, cord, crossbow, arrow, balloon, weight, lever;run, turns, flips, starts, cuts, fires, pierces, drops, launch;NA;73;13;9;0
47;functional;gpt-4o-mini;machine, toy rocket, mouse, wheel, boot, switch, chainsaw, cord, crossbow, arrow, balloon, weight, lever;launch, run, turns, flips, starts, cuts, fires, shoots, pierces, drops, launch;into the air;73;13;11;1
47;functional;gpt-5-nano;mouse, wheel, boot, switch, chainsaw, cord, crossbow, arrow, balloon, weight, lever, rocket;run, turn, flip, start, cut, fire, shoot, pierce, drop, launch;in a wheel, onto a lever, into the air;73;12;10;3
58;functional;gpt-3.5-turbo;machine, hamster, wheel, boot, switch, electric carving knife, cord, bow, arrow, balloon, weight, board, rocket;moves, runs, kicks, switching on, cuts, shooting, pops, release, drops, balanced, propelled;NA;111;13;11;0
58;functional;gpt-4o-mini;machine, hamster, wheel, boot, switch, electric carving knife, cord, bow, arrow, balloon, weight, board, circle, rocket;moves, runs, kicks, switching on, cuts, shooting, pops, drops, hits, propelled;attached, tied to, on the left hand side of, balanced on, on the right side of;111;14;10;5
58;functional;gpt-5-nano;hamster, wheel, boot, switch, electric carving knife, cord, bow, bowstring, arrow, balloon, weight, board, circle, rocket;move, run, kick, switch on, cut, shoot, pop, release, drop, hit, propel;weight on the left side of a board, board balanced on a circle, rocket on the right side of the board;111;14;11;3
60;functional;gpt-3.5-turbo;contraption, rocket, mouse, wheel, boot, switch, electric saw, nail, rope, crossbow, balloon, weight, platform, seesaw;launching, move, turn on, cutting, fired, burst, drop, rise;on the left hand side, hanging on a nail above the wheel, aimed at, on one side of a platform, on the other side of the rocket, onto the seesaw platform;114;14;8;6
60;functional;gpt-4o-mini;mouse, wheel, boot, switch, electric saw, nail, rope, cross bow, balloon, weight, platform, rocket, seesaw;launch, runs, move, turn on, power, cut, holding, fired, burst, drop, rise;on the left hand side, above the wheel, onto one side of a platform, on the other side, onto the seesaw platform;114;13;11;5
60;functional;gpt-5-nano;mouse, wheel, boot, switch, electric saw, nail, rope, crossbow, balloon, weight, platform, rocket;run, move, turn on, power, cut, fire, burst, drop, rise, launch;mouse on wheel on left side, boot moved to switch, saw hanging on a nail above the wheel, rope holding crossbow, crossbow aimed at balloon, weight on left side of platform, rocket on opposite side of platform;114;12;10;7
62;functional;gpt-3.5-turbo;diagram, invention, hamster, wheel, boot, switch, knife, rope, bow, balloon, weight, rocket;turning, kick, activate, cut, fired, pop, drop;NA;62;12;7;0
62;functional;gpt-4o-mini;hamster, wheel, boot, switch, knife, rope, bow, balloon, weight, rocket;turning, kick, activate, cut, fire, pop, drop, fire;of an invention, to achieve an end goal;62;10;8;2
62;functional;gpt-5-nano;hamster, wheel, boot, switch, knife, rope, bow, balloon, weight, rocket;turning, kicking, activating, cutting, dropping, firing, popping;NA;62;10;7;0
1;separate_parts;gpt-3.5-turbo;hot air balloon, string, spoked wheel, magnifying glass, dart, bow, arrow, mouse, boot, weight, chainsaw;NA;NA;33;11;0;0
1;separate_parts;gpt-4o-mini;hot air balloon, string, spoked wheel, magnifying glass, dart, bow, arrow, mouse, boot, weight, chainsaw;NA;tied to a string, nocked;33;11;0;2
1;separate_parts;gpt-5-nano;hot air balloon, string, spoked wheel, magnifying glass, dart, bow, arrow, mouse, boot, weight, chainsaw;NA;balloon tied to a string, weight tied with string, arrow nocked on bow;33;11;0;3
2;separate_parts;gpt-3.5-turbo;wheel, see-saw, boot, rocket, mouse, electric saw, outlet, balloon, string, bow, arrow, rope, kettlebell;NA;plugged in to, attached, attached, attached, attached;68;13;0;5
2;separate_parts;gpt-4o-mini;wheel, see-saw, boot, rocket, mouse, electric saw, outlet, balloon, string, bow, arrow, rope, kettlebell;NA;plugged in to an outlet, with a string attached, with a rope attached;68;13;0;3
2;separate_parts;gpt-5-nano;wheel, see-saw, boot, rocket, mouse, electric saw, outlet, balloon, string, bow, arrow, rope, kettlebell;NA;string attached to balloon, rope attached to bow and arrow, rope attached to kettlebell, electric saw plugged in to outlet;68;13;0;4
5;separate_parts;gpt-3.5-turbo;balloon, mouse, boot, rocket, wheel, weight, spear gun, electric saw, moving aid;NA;with a board on a wheel;33;9;0;1
5;separate_parts;gpt-4o-mini;balloon, mouse, boot, rocket, wheel, weight, spear gun, electric saw, moving aid, board;NA;NA;33;10;0;0
5;separate_parts;gpt-5-nano;balloon, mouse, boot, rocket, wheel, weight, spear gun, electric saw, moving aid;NA;board on a wheel;33;9;0;1
8;separate_parts;gpt-3.5-turbo;crossbow, balloon, string, electric meat carver, wheel, bike, weight, rope, boot, seesaw, rocket, hamster;NA;to the left of, to the right of, underneath;75;12;0;3
8;separate_parts;gpt-4o-mini;crossbow, balloon, string, electric meat carver, wheel, bike, weight, rope, boot, seesaw, rocket, hamster;NA;on a string, to the left of, to the right of, underneath;75;12;0;4
8;separate_parts;gpt-5-nano;crossbow, balloon, electric meat carver, wheel, weight, boot, seesaw, rocket, hamster;NA;balloon on a string, balloon left of crossbow, electric meat carver right of crossbow, row underneath top row, weight on a rope;75;9;0;5
15;separate_parts;gpt-3.5-turbo;apparatus, wheel, arrow, bow, saw, cord, lever, boot, bar, hook, balloon, dart, mouse;propel, hit;NA;68;13;2;0
15;separate_parts;gpt-4o-mini;apparatus, wheel, arrow, bow, electronic saw, cord, lever, boot, bar, hook, balloon, dart, mouse;propel, hit;NA;68;13;2;0
15;separate_parts;gpt-5-nano;wheel, arrow, bow, electronic saw, cord, lever, boot, bar, hook, balloon, dart, mouse;propel, hit;bar attached to a hook, dart facing upward, arrow with bow;68;12;2;3
17;separate_parts;gpt-3.5-turbo;weight, bicycle wheel, boot, shelf, balloon, crossbow, toy rocket, hedge trimmer, mouse;NA;hanging from a string, mounted, plugged into a socket;74;9;0;3
17;separate_parts;gpt-4o-mini;weight, string, bicycle wheel, boot, shelf, support, balloon, crossbow, toy rocket, hedge trimmer, socket, mouse;NA;hanging from a string, plugged into a socket, mounted;74;12;0;3
17;separate_parts;gpt-5-nano;weight, string, wheel, boot, shelf, support, balloon, crossbow, rocket, hedge trimmer, socket, mouse;NA;weight hanging from a string, balloon with string underneath, crossbow appears mounted, hedge trimmer plugged into a socket, shelf supported by a middle round support;74;12;0;5
24;separate_parts;gpt-3.5-turbo;weight, rope, demolition machine, bicycle wheel, tyre, boot, balance board, balloon, string, crossbow, stand, arrow, hedge trimmer, light switch, mouse, rat;tying, sitting, loaded, wired;NA;65;16;4;0
24;separate_parts;gpt-4o-mini;weight, rope, demolition machine, bicycle wheel, tyre, boot, balance board, balloon, string, crossbow, stand, arrow, hedge trimmer, light switch, mouse, rat;tied, loaded;sitting on a stand, wired to a light switch;65;16;2;2
24;separate_parts;gpt-5-nano;weight, rope, demolition machine, bicycle wheel, tyre, boot, balance board, balloon, string, crossbow, stand, arrow, hedge trimmer, light switch, mouse;tying, wiring, loading;tied onto rope, on a stand, wired to a light switch, string tied to balloon;65;15;3;4
29;separate_parts;gpt-3.5-turbo;elements, layout, Rube Goldberg machine, board game, mouse trap;NA;similar to the board game mouse trap;24;5;0;1
29;separate_parts;gpt-4o-mini;Rube Goldberg machine, board game, mouse trap;NA;NA;24;3;0;0
29;separate_parts;gpt-5-nano;Rube Goldberg machine, Mouse Trap;NA;NA;24;2;0;0
31;separate_parts;gpt-3.5-turbo;weight, boot, seesaw, wheel, balloon rocket, mouse, electric bread cutting knife, object;NA;NA;73;8;0;0
31;separate_parts;gpt-4o-mini;weight, boot, seesaw, wheel, balloon rocket, mouse, electric bread cutting knife, bow;NA;random distribution;73;8;0;1
31;separate_parts;gpt-5-nano;weight, boot, seesaw, wheel, balloon rocket, mouse, electric bread cutting knife, bow-shaped object;NA;random distribution on the page;73;8;0;1
32;separate_parts;gpt-3.5-turbo;wheel, boot, balloon, crossbow, chainsaw, rocket, mouse, weight;NA;balloon with a string attached, chainsaw plugged to electricity;17;8;0;2
32;separate_parts;gpt-4o-mini;wheel, boot, balloon, string, crossbow, chainsaw, electricity, rocket, mouse, weight;NA;attached;17;10;0;1
32;separate_parts;gpt-5-nano;wheel, boot, balloon, string, crossbow, chainsaw, rocket, mouse, weight;NA;NA;17;9;0;0
40;separate_parts;gpt-3.5-turbo;drawings, items, wheel, chainsaw;NA;computer generated;53;4;0;1
40;separate_parts;gpt-4o-mini;drawings, wheel, chainsaw;NA;NA;53;3;0;0
40;separate_parts;gpt-5-nano;wheel, chainsaw;NA;NA;53;2;0;0
41;separate_parts;gpt-3.5-turbo;weight, rope, wheel, boot, balance, rocket, rodent, balloon, string, abstract images, crossbow, chainsaw;NA;NA;95;12;0;0
41;separate_parts;gpt-4o-mini;weight, rope, wheel, boot, balance, rocket, rodent, balloon, string, crossbow, chainsaw, objects;NA;attached to a string;95;12;0;1
41;separate_parts;gpt-5-nano;weight on a rope, wheel, boot, balance, rocket, mouse, balloon, crossbow, chainsaw;NA;on a rope, attached to a string/rope;95;9;0;2
44;separate_parts;gpt-3.5-turbo;wheel, bicycle wheel, balloon, string, seesaw, plank, circular piece of wood, log, boot, rocket, missile, crossbow, table, chainsaw, wall socket, chain, nail, mouse;attached, plugged in, hanging;mounted on, hammered into;125;18;3;2
44;separate_parts;gpt-4o-mini;wheel, bicycle wheel, balloon, string, seesaw, plank, circular piece of wood, log, boot, rocket, missile, crossbow, table, chainsaw, wall socket, chain, nail, wall, mouse;attached, mounted, plugged in, hanging;to stop it floating away, from the side, in the centre, by a chain from a nail hammered into the wall, in the bottom right;125;19;4;5
44;separate_parts;gpt-5-nano;wheel, balloon, string, seesaw, plank, log, boot, rocket, crossbow, table, chainsaw, wall socket, chain, nail, wall, mouse;attach, float, appear, hammer, plug;balloon attached to string, seesaw described as a plank with a log in the centre, log in the centre (fulcrum of seesaw), crossbow mounted on table, chainsaw hanging by a chain from a nail hammered into the wall, chainsaw plugged into wall socket, mouse located in bottom right corner;125;16;5;7
45;separate_parts;gpt-3.5-turbo;balloon, rat, orange slice, shoe, rocket ship, bow and arrow, hack saw;NA;NA;12;7;0;0
45;separate_parts;gpt-4o-mini;balloon, rat, orange slice, shoe, rocket ship, bow and arrow, hack saw;NA;NA;12;7;0;0
45;separate_parts;gpt-5-nano;balloon, rat, orange slice, shoe, rocket ship, bow, arrow, hacksaw;NA;NA;12;8;0;0
46;separate_parts;gpt-3.5-turbo;objects, catapults, chain of events;merge, create;NA;25;3;2;0
46;separate_parts;gpt-4o-mini;catapults, objects;merge, create;NA;25;2;2;0
46;separate_parts;gpt-5-nano;object, catapult;merge, create;NA;25;2;2;0
50;separate_parts;gpt-3.5-turbo;boot, mouse, wheel, balloon;NA;NA;36;4;0;0
50;separate_parts;gpt-4o-mini;boot, mouse, wheel, balloon;NA;NA;36;4;0;0
50;separate_parts;gpt-5-nano;boot, mouse, wheel, balloon;NA;NA;36;4;0;0
51;separate_parts;gpt-3.5-turbo;balloon, string, crossbow, handheld saw, power cord, plug, wheel, board, punching bag, ankle boot, rocket, mouse;NA;tied, mounted on one small wheel, hanging;84;12;0;3
51;separate_parts;gpt-4o-mini;balloon, string, crossbow, handheld saw, power cord, plug, wheel, low flat board, small wheel, punching bag, ankle boot, rocket, mouse;NA;on a string tied, further off to the right, mounted on one small wheel, next to it, in an upright position;84;13;0;5
51;separate_parts;gpt-5-nano;balloon, string, crossbow, saw, power cord, plug, wheel, board, punching bag, ankle boot, rocket, mouse;NA;balloon on a string, plug hanging down, board mounted on one small wheel, punching bag hanging, ankle boot to the right of punching bag, rocket upright, wheel middle-left, mouse bottom-right;84;12;0;8
52;separate_parts;gpt-3.5-turbo;parts, Heath Robinson contraption, machine, Weights, boot, see-saw, electric carving knife, mouse, board game;lift, kicks, triggers, kills;NA;50;9;4;0
52;separate_parts;gpt-4o-mini;weights, boot, see-saw, electric carving knife, mouse;lift, kicks, triggers, kill;NA;50;5;4;0
52;separate_parts;gpt-5-nano;weights, boot, see-saw, electric carving knife, mouse, Mouse Trap (board game);lift, kick, trigger, kill;NA;50;6;4;0
53;separate_parts;gpt-3.5-turbo;wheel, rocket, balloon, boot, mouse;NA;NA;24;5;0;0
53;separate_parts;gpt-4o-mini;wheel, rocket, balloon, boot, mouse;NA;NA;24;5;0;0
53;separate_parts;gpt-5-nano;wheel, rocket, balloon, boot, mouse;drawing;NA;24;5;1;0
54;separate_parts;gpt-3.5-turbo;bow, arrow, balloon, saw, rope, padlock, wheel, see-saw, boot, rocket, mouse;NA;on the left side, next to, on the right side, attached to, on the bottom left side, bottom left to right;74;11;0;6
54;separate_parts;gpt-4o-mini;bow, arrow, balloon, saw, rope, padlock, wheel, see-saw, boot, rocket, mouse;NA;on the left side, next to it, on the right side, attached to, on the bottom left side, bottom left to right;74;11;0;6
54;separate_parts;gpt-5-nano;bow, arrow, balloon, saw, rope, padlock, wheel, seesaw, boot, rocket, mouse;NA;balloon left of bow, saw right of bow, saw attached to rope and padlock, wheel bottom-left of bow, seesaw bottom-left of bow, boot left of rocket, rocket left of mouse;74;11;0;7
